{
  "AED": 3.918708,
  "AFN": 80.569482,
  "ALL": 106.491647,
  "AMD": 429.114067,
  "AOA": 884.986769,
  "ARS": 373.429601,
  "BBD": 2.153382,
  "BDT": 117.585191,
  "BIF": 3038.504152,
  "BOB": 7.369726,
  "BRL": 5.349072,
  "BTN": 88.701308,
  "BWP": 14.66999,
  "BYN": 3.513677,
  "BYR": 20911.053856,
  "BZD": 2.149761,
  "CDF": 2686.430471,
  "CLP": 995.387896,
  "CNY": 7.805344,
  "COP": 4495.396478,
  "CRC": 566.205734,
  "CUP": 28.272598,
  "CVE": 110.556538,
  "CZK": 24.622345,
  "DJF": 189.607825,
  "DKK": 7.463532,
  "DOP": 60.759216,
  "DZD": 146.439559,
  "EGP": 32.96254,
  "ERN": 16.003358,
  "ETB": 59.158906,
  "FJD": 2.435871,
  "GEL": 2.875237,
  "GHS": 12.605288,
  "GMD": 70.014696,
  "GNF": 9228.603324,
  "GTQ": 8.36134,
  "GYD": 223.304301,
  "HKD": 8.348403,
  "HNL": 26.373302,
  "HRK": 7.648492,
  "HTG": 142.375432,
  "HUF": 381.712348,
  "IDR": 16956.997619,
  "ILS": 4.335667,
  "INR": 88.427673,
  "IQD": 1397.626559,
  "IRR": 45076.1236,
  "ISK": 147.102723,
  "JMD": 164.984104,
  "JPY": 159.700761,
  "KES": 160.033922,
  "KGS": 95.294911,
  "KHR": 4411.592009,
  "KMF": 495.674585,
  "KPW": 960.200897,
  "KRW": 1433.143278,
  "KZT": 509.502304,
  "LAK": 22071.345315,
  "LBP": 16040.698924,
  "LKR": 347.686898,
  "LRD": 199.508221,
  "LSL": 20.270953,
  "LTL": 3.150251,
  "LYD": 5.230682,
  "MAD": 11.015623,
  "MDL": 19.437048,
  "MGA": 4817.010296,
  "MKD": 61.970574,
  "MMK": 2239.611684,
  "MNT": 3685.676492,
  "MOP": 8.597175,
  "MRO": 380.879726,
  "MUR": 47.34045,
  "MVR": 16.428356,
  "MWK": 1231.19194,
  "MXN": 19.374306,
  "MYR": 5.086403,
  "MZN": 67.48077,
  "NAD": 20.270739,
  "NGN": 918.048462,
  "NIO": 39.090448,
  "NOK": 11.796833,
  "NPR": 141.922535,
  "PEN": 4.131533,
  "PGK": 3.961844,
  "PHP": 60.466554,
  "PKR": 297.182665,
  "PLN": 4.463176,
  "PYG": 7922.857503,
  "QAR": 3.884541,
  "RON": 4.969684,
  "RSD": 117.169134,
  "RUB": 100.820551,
  "RWF": 1309.074647,
  "SAR": 4.002096,
  "SBD": 8.966891,
  "SCR": 14.090658,
  "SDG": 638.760708,
  "SEK": 11.706563,
  "SLE": 24.149167,
  "SLL": 21071.087768,
  "SOS": 608.659617,
  "SSP": 641.201221,
  "SRD": 40.541574,
  "STD": 22082.479366,
  "SYP": 13871.555761,
  "SZL": 20.270799,
  "THB": 38.749406,
  "TJS": 11.710275,
  "TMT": 3.734117,
  "TND": 3.378042,
  "TOP": 2.566352,
  "TRY": 29.969493,
  "TTD": 7.247031,
  "TWD": 34.46003,
  "TZS": 2668.293429,
  "UAH": 38.995633,
  "UGX": 4002.643341,
  "UYU": 42.540657,
  "UZS": 13053.405124,
  "VEF": 3710277.125046,
  "VES": 37.270969,
  "VND": 26245.50637,
  "VUV": 130.299307,
  "WST": 2.991849,
  "XAF": 659.688924,
  "XCD": 2.883325,
  "XOF": 662.011252,
  "XPF": 120.442915,
  "YER": 267.069404,
  "ZAR": 20.221417,
  "ZMK": 9603.3126,
  "ZMW": 23.115877,
  "ZWL": 343.538307
}